{"TrainingLoss": [392.1925725301107, 90.72952677408854, 79.40574429829914, 73.26130002339681, 69.700923538208, 66.99163487752278, 65.01112855275471, 63.520749727884926, 62.09159393310547, 61.07502683003744, 60.120609474182125, 59.28485895792643, 58.525695355733234, 57.84449551900227, 57.2996026357015, 56.770190684000646, 56.314554087320964, 55.81921361287435, 55.43865140279134, 55.06224161783854], "TestLoss": [392.2394470214844, 90.23346252441407, 78.90572357177734, 72.7204574584961, 69.15849380493164, 66.59419555664063, 64.55646133422852, 63.07634315490723, 61.79117393493652, 60.702862548828136, 59.81003150939942, 58.95747680664063, 58.2293025970459, 57.64792404174805, 57.08016471862793, 56.5510238647461, 56.07424049377441, 55.57615966796875, 55.158326721191415, 54.844199752807626]}