{"TrainingLoss": [391.6979751586914, 127.17574488321942, 116.24433949788411, 110.41784451802572, 106.32901357014974, 103.22751057942709, 100.82080192565918, 98.89749247233073, 97.28437054951985, 95.81599527994791, 94.6367279052734, 93.55841178894043, 92.55470339457193, 91.7034943898519, 90.84527435302735, 90.1519151051839, 89.4520918528239, 88.83345476786295, 88.29084904988606, 87.7448066711426], "TestLoss": [391.63013305664066, 127.2114013671875, 116.1987777709961, 110.27917633056643, 106.17168350219727, 103.03855895996094, 100.67158966064454, 98.79805221557618, 97.28663787841799, 95.71113357543946, 94.53833236694337, 93.4872886657715, 92.38219070434572, 91.65182495117188, 90.7455955505371, 90.08898391723632, 89.4230224609375, 88.75050506591798, 88.32370071411134, 87.6248924255371]}