{"TrainingLoss": [0.4994868293404579, 0.1164396297186613, 0.10128758574525515, 0.09375491080184778, 0.08892708818117778, 0.08543920007844769, 0.08277775074044864, 0.08070786446332932, 0.07900992309053738, 0.07759583070874214, 0.07639557880659897, 0.07525549195706843, 0.07437560483813287, 0.0735964125643174, 0.0727752886712551, 0.07209981866180896, 0.07160064155856768, 0.07098965582748254, 0.07048055380582809, 0.07003660375873248], "TestLoss": [0.499373471736908, 0.1157061830163002, 0.10070613697171212, 0.09304344505071642, 0.08830989673733712, 0.08486750647425652, 0.08222077935934066, 0.08018115013837816, 0.07852327823638916, 0.0771193116903305, 0.07601024806499482, 0.07484600096940994, 0.07404041886329651, 0.07316855564713477, 0.07238518670201302, 0.07170050889253617, 0.07125792354345321, 0.07080580815672875, 0.0701531805098057, 0.06981147378683089]}