{"TrainingLoss": [391.14983622233075, 133.98275400797525, 118.62342948913576, 111.11327527364097, 105.7931744893392, 101.88347600301105, 98.78972358703614, 96.42500292460126, 94.44083048502604, 92.70674146016438, 91.19225095113117, 89.91912523905435, 88.76857261657715, 87.77642377217612, 86.8350185394287, 85.98753471374513, 85.24985593159994, 84.57933909098308, 83.90205459594726, 83.27664527893067], "TestLoss": [391.20299987792976, 134.3312225341797, 118.73031616210939, 111.07763442993163, 105.63066635131837, 101.72362747192385, 98.83027801513673, 96.22065582275391, 94.23350219726562, 92.45583648681641, 91.07921447753907, 89.71298828125002, 88.53512878417969, 87.63164291381838, 86.72467880249023, 85.8504608154297, 85.0674041748047, 84.45617904663087, 83.72383499145508, 83.08799819946289]}