{"TrainingLoss": [0.5003088235855103, [0.10463013276457789], [0.08984310477972031], [0.08251393884420394], [0.07798200845718384], [0.07476249933242797], [0.07257133573293686], [0.07072051167488098], [0.06933445259928704], [0.06812376603484155], [0.06737397536635399], [0.06630429103970528], [0.06561654284596442], [0.06483399271965026], [0.0642932578921318], [0.06375565007328987], [0.06335516273975372], [0.06277760528028012], [0.0624796386808157], [0.062329545244574555], [0.061807456985116006]], "TestLoss": [0.5002429301540056, [0.10521154229839642], [0.09046424453457196], [0.08305440408488114], [0.07845380070308844], [0.07534491407374543], [0.07297657057642938], [0.07121188119053841], [0.06975175129870574], [0.06845675110816955], [0.06760079488158224], [0.06656621408959229], [0.06583840573827425], [0.06520586746434372], [0.06458402151862781], [0.064056943791608], [0.06347285068283477], [0.06310730849703153], [0.06273992129911979], [0.06247851426402727], [0.06209213075538476]]}