{"TrainingLoss": [0.4999252617359162, [0.11556692719459535], [0.10080728232860565], [0.09311279058456422], [0.0881257824599743], [0.0849014513194561], [0.08231337368488312], [0.08038977384567261], [0.07857856303453445], [0.07736422196030616], [0.07602959424257279], [0.07506605684757232], [0.07407614365220071], [0.07325117066502572], [0.07246843501925469], [0.07194909527897836], [0.07130939289927483], [0.07060222625732422], [0.07013221234083176], [0.06969882100820542], [0.06935030445456505]], "TestLoss": [0.4997789993882179, [0.11606845023731391], [0.10126718344787757], [0.09375123927990595], [0.08882645828028521], [0.08547039168576398], [0.08279001054664453], [0.08076014406979083], [0.07901197311778863], [0.07756089729567367], [0.07640050003925956], [0.07536171910663446], [0.07440289979179701], [0.07365904413163661], [0.07282354595760504], [0.07218398290375867], [0.0715753344198068], [0.07100084212919076], [0.07037437198062739], [0.06999909207224846], [0.06956873536109923]]}