{"TrainingLoss": [0.499392032623291, [0.10522140115499498]], "TestLoss": [0.49934370865424466, [0.1056992777933677]]}