{"TrainingLoss": [0.49930405318737026, [0.10487998351454736], [0.08993904441595078], [0.08272247388958931], [0.07813760414719582], [0.0752945624291897], [0.07289750501513481], [0.0708491750061512], [0.06962981373071671], [0.06820123046636581], [0.06727508157491685], [0.06623850613832474], [0.06555986106395723], [0.06493864133954048], [0.06442187875509263], [0.06381316632032394], [0.06338417679071427], [0.06280281990766526], [0.06255730167031288], [0.06230207979679108], [0.06191223859786988]], "TestLoss": [0.4990785449743271, [0.10527815148234368], [0.09061171834667522], [0.08335139527916907], [0.07874959434072178], [0.07568954167266685], [0.07327830381691455], [0.07126100199917954], [0.0699043769389391], [0.06864531139532724], [0.06762646387020749], [0.06660737805068492], [0.06592765388389428], [0.06519020274281502], [0.06466944018999736], [0.06414106947680313], [0.06363856463382642], [0.06308802049607037], [0.0628199071312944], [0.062486139871180055], [0.06208188881476721]]}