{"TrainingLoss": [0.4999952167272568, [0.11515004634857179], [0.10045815631747246], [0.09276300668716429], [0.08828299790620805], [0.0847781665623188], [0.08209862634539604], [0.08006760850548744], [0.07839506864547731], [0.07694431841373443], [0.07574687227606773], [0.07463069260120392], [0.07388540208339692], [0.07294287830591202], [0.07217135205864907], [0.0716218613088131], [0.07100376933813095], [0.07042075619101525], [0.06989264264702796], [0.06946805641055108], [0.06900123730301858]], "TestLoss": [0.49996086210012436, [0.11579221189022064], [0.1010523406167825], [0.09348014829059444], [0.08869633687039216], [0.08533338854710262], [0.08259960338473321], [0.08050411045551298], [0.07879908308386803], [0.07739885486662386], [0.07615428231656553], [0.07504788587490718], [0.07421059409777322], [0.07329343383510907], [0.07253269801537197], [0.07192963051299253], [0.07127699106931687], [0.07075483625133834], [0.07018192832668621], [0.06965344063937662], [0.06925390449663002]]}