{"TrainingLoss": [0.49995483458042145, [0.10559431053698062], [0.09057785421609878], [0.08330212123692037], [0.07876357634862263], [0.07558124177157878], [0.07310735285282133], [0.07130389635761579], [0.06980634257197381], [0.06863074302673339], [0.06757639683783055], [0.06677927449345587], [0.06583638278146585], [0.06507966121037802], [0.06459498231609663], [0.06405022162944078], [0.06357116351524988], [0.06311159332593282], [0.06281116952498754], [0.06238906942307949], [0.06213482047120731]], "TestLoss": [0.0, [0.0], [0.0], [0.0], [0.0], [0.0], [0.0], [0.0], [0.0], [0.0], [0.0], [0.0], [0.0], [0.0], [0.0], [0.0], [0.0], [0.0], [0.0], [0.0], [0.0]]}